Continent,Facebook,Pinterest,Twitter,YouTube,VKontakte,Instagram,Tumblr,reddit,LinkedIn,Youku,StumbleUpon,news.ycombinator.com
United States of America ,62.98,21.39,11.24,1.61,0,0,0,0,0,0,0,0
India ,76.87,5.18,1.87,7.22,4.98,3.56,0,0,0,0,0,0
Mexico ,84.75,4.18,6.72,3.66,0,0,0,0,0,0,0,0
Bosnia and Herzegovina ,99.3,0,0,0,0,0,0,0,0,0,0,0
Pakistan ,91.95,1.68,4.64,1.09,0,0,0,0,0,0,0,0
Spain ,85.43,4.76,4.29,2.02,0,2.75,0,0,0,0,0,0
Argentina ,85.27,5.04,1.47,4.6,0,3.39,0,0,0,0,0,0
France ,83.84,10.01,2.81,1.72,0,0,0,0,0,0,0,0
Saudi Arabia ,82.45,2.06,9.08,5.27,0,0,0,0,0,0,0,0
Egypt ,84.85,1.49,2.04,11.19,0,0,0,0,0,0,0,0
Romania ,94.78,2.47,0,1.12,0,0,0,0,0,0,0,0
United Kingdom ,56.39,15.27,21.17,2.74,0,1.71,1.08,0,0,0,0,0
Canada ,56.46,24.4,11.6,2.78,0,1.4,1.33,1.23,0,0,0,0
Turkey ,66.63,11.6,6.46,4.76,0,9.99,0,0,0,0,0,0
Germany ,72.15,16.05,4.96,3.91,0,1,0,0,0,0,0,0
Italy ,83.37,9.07,3.15,2.26,0,1.33,0,0,0,0,0,0
Brazil ,62.52,20.79,4.06,7.93,0,3.5,0,0,0,0,0,0
Greece ,93.03,3.82,1.22,0,0,0,0,0,0,0,0,0
Philippines ,84.26,4.33,3.95,4.73,0,1.74,0,0,0,0,0,0
Myanmar ,98.87,0,0,0,0,0,0,0,0,0,0,0
Bulgaria ,97.18,1.47,0,0,0,0,0,0,0,0,0,0
Bangladesh ,94.7,1.19,0,3.12,0,0,0,0,0,0,0,0
Thailand ,65.99,6.29,19.16,6.5,1.29,0,0,0,0,0,0,0
South Korea ,71.05,2.38,23.55,2.17,0,0,0,0,0,0,0,0
Malaysia ,86.73,5.27,2.52,2.45,0,1.98,0,0,0,0,0,0
Serbia ,92.06,2.22,2.28,1,0,2.12,0,0,0,0,0,0
Portugal ,88.71,6.22,1.61,1.07,0,1.7,0,0,0,0,0,0
Jordan ,93.54,0,0,4.36,0,0,0,0,0,0,0,0
Hungary ,90.54,5.23,2.64,0,0,0,0,0,0,0,0,0
Australia ,67.05,17.2,8.54,2.81,0,1.41,1.35,1.07,0,0,0,0
Poland ,78.79,10.65,5.35,3.23,0,0,0,0,0,0,0,0
Colombia ,65.15,14.73,5.77,11.18,0,2.91,0,0,0,0,0,0
Netherlands ,60.32,24.47,8.59,2.4,0,2.28,0,0,0,0,0,0
Sweden ,81.9,6.88,4.85,1.81,0,3.24,0,0,0,0,0,0
Ireland ,87.31,3.99,6.03,0,0,0,0,0,0,0,0,0
Morocco ,74.87,3.59,2.24,17.81,0,1.23,0,0,0,0,0,0
Nepal ,95.66,0,0,2.15,0,0,0,0,0,0,0,0
Indonesia ,39.98,12.59,5.57,36.3,0,5.1,0,0,0,0,0,0
Senegal ,96.18,1.24,1.53,0,0,0,0,0,0,0,0,0
Chile ,71.94,9.73,2.98,10.09,0,4.48,0,0,0,0,0,0
United Arab Emirates ,79.56,6.5,6.35,3.88,1.58,1.15,0,0,0,0,0,0
Algeria ,71.5,3.84,3.26,20.44,0,0,0,0,0,0,0,0
Paraguay ,92.66,2.19,2.05,2.53,0,0,0,0,0,0,0,0
Peru ,69.13,11.21,1.57,15.78,0,1.91,0,0,0,0,0,0
Tunisia ,89.35,2.07,2.66,5.39,0,0,0,0,0,0,0,0
Israel ,81.67,8.22,3.28,4.33,0,1.61,0,0,0,0,0,0
Iraq ,59.08,1.1,7.32,31.47,0,0,0,0,0,0,0,0
Dominican Republic ,88.63,4.08,0,5.52,0,0,0,0,0,0,0,0
Croatia ,91.34,4.52,1.92,1.1,0,0,0,0,0,0,0,0
Belgium ,68.57,22.94,4.04,1.9,0,1.25,0,0,0,0,0,0
Taiwan ,82.94,6.98,4,3.62,0,1.9,0,0,0,0,0,0
Austria ,80.7,11.67,3.35,2.44,0,0,0,0,0,0,0,0
Yemen ,92.16,0,1.59,5.54,0,0,0,0,0,0,0,0
South Africa ,51.82,32.31,10.03,2.89,0,1.66,0,0,0,0,0,0
Syrian Arab Republic ,88.52,0,2.37,8.06,0,0,0,0,0,0,0,0
Macedonia ,95.7,1.72,0,0,0,0,0,0,0,0,0,0
Ecuador ,64.27,13.24,3.43,16.72,0,2.06,0,0,0,0,0,0
Switzerland ,69.2,17.3,8.11,2.37,0,1.04,0,0,0,0,0,0
Bolivia ,80.61,6.41,0,10.7,0,1.39,0,0,0,0,0,0
Lebanon ,82.43,3.53,4.19,8.12,0,1.31,0,0,0,0,0,0
Palestinian Territory ,88.9,1.05,1.63,7.76,0,0,0,0,0,0,0,0
Vietnam ,59.7,19.3,5.09,14.14,0,0,0,0,0,0,0,0
Singapore ,62.4,11.49,9.58,4.7,4.67,4.37,0,1.07,0,0,0,0
Montenegro ,97.03,1.1,0,0,0,0,0,0,0,0,0,0
Slovenia ,89.78,5.78,2.38,0,0,0,0,0,0,0,0,0
Guatemala ,76.43,11.42,1.89,8.45,0,1.64,0,0,0,0,0,0
Kuwait ,78.79,4.66,7.43,5.19,1.23,1.2,0,0,0,0,0,0
New Zealand ,66.26,14.88,11.61,3.36,0,1.41,1.19,0,0,0,0,0
Costa Rica ,72.31,16.37,2.07,7.15,0,1.7,0,0,0,0,0,0
Uruguay ,78.63,8.44,1.95,5.61,0,4.96,0,0,0,0,0,0
Denmark ,68.72,18.69,5.6,2.76,0,1.29,1.05,1.1,0,0,0,0
Norway ,64.92,21.54,6.87,2.51,0,1.83,0,1.04,0,0,0,0
Sudan ,88.01,0,2.78,7.84,0,0,0,0,0,0,0,0
Slovakia (Slovak Republic) ,80.96,12.72,2.16,2.05,0,1,0,0,0,0,0,0
Nigeria ,59.32,12.24,19.44,3.61,0,4.75,0,0,0,0,0,0
Libya ,77.88,1.18,8.76,11.27,0,0,0,0,0,0,0,0
Cyprus ,90.31,4.89,2.29,0,0,0,0,0,0,0,0,0
Albania ,89.75,4.91,2.26,1.72,0,0,0,0,0,0,0,0
Venezuela ,54.09,16.43,7.76,19.34,0,1.92,0,0,0,0,0,0
Qatar ,80.15,6.46,5.18,4.32,1.72,1.3,0,0,0,0,0,0
Japan ,24.67,27.58,34.53,7.75,0,3.33,1.17,0,0,0,0,0
El Salvador ,71.46,11.19,4.56,10.15,0,2.29,0,0,0,0,0,0
Hong Kong ,55.06,19.82,14.88,6.55,0,1.52,0,0,0,0,0,0
Malta ,91.58,5.42,1.46,0,0,0,0,0,0,0,0,0
Ukraine ,51.09,26.98,3.68,8.29,3.34,4.04,1.26,0,0,0,0,0
Russian Federation ,21.67,20.11,7.43,15.23,25.92,5.14,2.9,1.02,0,0,0,0
Sri Lanka ,64.26,8.97,2.69,11.1,11.94,0,0,0,0,0,0,0
Cote dIvoire ,88.82,6.62,1.29,2.24,0,0,0,0,0,0,0,0
Mauritius ,88.85,8.01,0,1.42,0,0,0,0,0,0,0,0
Puerto Rico ,63.43,26.14,5.09,3.18,0,1.04,0,0,0,0,0,0
Bahrain ,76.57,7.18,5.08,7.48,0,2,0,0,0,0,0,0
Czech Republic ,48.41,34.65,6.5,5.52,0,1.48,1.5,1.3,0,0,0,0
Mozambique ,92,4.5,1.1,1.33,0,0,0,0,0,0,0,0
Aruba ,95.62,3.02,0,0,0,0,0,0,0,0,0,0
Honduras ,66.24,16.43,2,14.01,0,0,0,0,0,0,0,0
Oman ,57.78,7.76,10.26,16.94,0,3.24,0,0,3.79,0,0,0
Finland ,45.61,27.71,13.67,4.43,0,2.84,2.81,1.8,0,0,0,0
Cameroon ,84.68,9.72,1.96,2.8,0,0,0,0,0,0,0,0
Nicaragua ,71.95,12.44,1.98,12.77,0,0,0,0,0,0,0,0
Panama ,48.87,25.16,5.32,13.2,0,6.81,0,0,0,0,0,0
Lithuania ,68.71,16.65,3.28,5.04,0,3.6,0,1.16,0,0,0,0
Congo (Democratic Republic of the),89.77,6.63,1.1,1.25,0,1.11,0,0,0,0,0,0
Kenya ,47.16,22,21.59,5.79,0,2.45,0,0,0,0,0,0
Bahamas ,79.48,11,6.62,1.79,0,0,0,0,0,0,0,0
Moldova ,82.66,9.31,1.42,3.8,1.11,0,0,0,0,0,0,0
Burkina Faso ,94.07,4.14,0,0,0,0,0,0,0,0,0,0
Trinidad and Tobago ,61.15,28.87,3.46,3.76,0,1.42,0,0,0,0,0,0
Mali ,93.89,3.3,0,1.07,0,0,0,0,0,0,0,0
Grenada ,97.01,2.06,0,0,0,0,0,0,0,0,0,0
Haiti ,87.56,6.92,2.52,2.66,0,0,0,0,0,0,0,0
Ghana ,53.44,18.01,20.48,6.07,0,1.39,0,0,0,0,0,0
Cuba ,81.56,10.97,1.67,5.4,0,0,0,0,0,0,0,0
Timor-Leste ,99.48,0,0,0,0,0,0,0,0,0,0,0
Guinea ,93.51,5.01,0,0,0,0,0,0,0,0,0,0
Latvia ,62.67,15.7,13.48,3.03,0,2.38,0,0,0,0,0,0
Reunion ,80.08,14.86,1.88,2.38,0,0,0,0,0,0,0,0
Mongolia ,83.57,10.48,2.78,2.49,0,0,0,0,0,0,0,0
Luxembourg ,74.16,14.65,6.6,2.02,0,0,0,0,0,0,0,0
Iceland ,75.8,15.47,4.72,1.41,0,0,0,0,0,0,0,0
Mauritania ,91.7,1.52,1.82,4.79,0,0,0,0,0,0,0,0
Jamaica ,53.05,24.07,5.44,6.75,0,9.63,0,0,0,0,0,0
Iran ,19.81,33.16,2.15,2.88,0,40.05,0,0,1.47,0,0,0
Georgia ,69.32,16.94,2.46,7.42,0,1.39,1,0,0,0,0,0
Faroe Islands ,97.09,1.94,0,0,0,0,0,0,0,0,0,0
Gabon ,88.21,6.34,0,3.84,0,0,0,0,0,0,0,0
Angola ,77.21,14.1,1.61,6.07,0,0,0,0,0,0,0,0
Estonia ,58.42,20.16,8.02,5.57,0,2.67,1.66,1.88,0,0,0,0
Cambodia ,55.18,14.84,5.78,21.51,0,1.11,0,0,0,0,0,0
Jersey ,85.08,6.51,6.71,0,0,0,0,0,0,0,0,0
Guadeloupe ,78.18,17.34,1.7,1.94,0,0,0,0,0,0,0,0
Maldives ,78.31,11.76,4.95,2.85,0,0,0,0,0,0,0,0
Armenia ,74.03,15.48,2.94,4.75,0,1.1,0,0,0,0,0,0
Martinique ,76.65,18.62,1.67,2.15,0,0,0,0,0,0,0,0
China ,8.74,47.84,20.91,6.4,1.41,1.26,0,0,2.41,8.16,0,0
Benin ,84.8,9.11,2.26,2.82,0,0,0,0,0,0,0,0
Congo (Republic of the),91.21,6.04,0,1.41,0,0,0,0,0,0,0,0
Lao Peoples Democratic Republic ,56.53,6.5,17.55,17.79,1.33,0,0,0,0,0,0,0
Bermuda ,79.37,13.26,5.17,0,0,0,0,0,0,0,0,0
Saint Lucia ,81.55,11.78,1.38,1.84,0,3.09,0,0,0,0,0,0
Togo ,78.98,11.58,1.61,4.77,0,2.79,0,0,0,0,0,0
Fiji ,83.65,10.73,2.65,1.86,0,0,0,0,0,0,0,0
French Polynesia ,86.33,10.18,1.65,1.37,0,0,0,0,0,0,0,0
Afghanistan ,83.74,6.29,5.86,3.45,0,0,0,0,0,0,0,0
Ethiopia ,60.8,14.19,6.82,16.59,0,0,0,0,0,0,0,0
 ,62.5,100,25,2.33,0,2.1,0,0,0,0,0,6.25
Uganda ,55.67,21.88,14.07,6.51,0,0,0,0,0,0,0,0
Barbados ,56.2,28.6,5.23,4.69,0,4.03,0,0,0,0,0,0
Madagascar ,64.33,24.44,2.63,7.63,0,0,0,0,0,0,0,0
Kazakhstan ,11.82,39.41,5.47,24.41,12.95,3.37,1.12,0,0,0,0,0
Somalia ,73.06,6.69,5.29,14,0,0,0,0,0,0,0,0
Zambia ,57.66,24.05,10.34,6.22,0,0,0,0,0,0,0,0
Tanzania ,41.33,21.98,21.77,10.44,0,3.64,0,0,0,0,0,0
Belize ,63.59,28,3.23,3.71,0,0,0,0,0,0,0,0
New Caledonia ,83.45,12.86,1.45,1.64,0,0,0,0,0,0,0,0
Belarus ,15.5,38.86,4.82,13.75,20.17,2.66,2.58,0,0,0,0,0
Guyana ,70.56,19.13,3.61,5.3,0,0,0,0,0,0,0,0
Antigua and Barbuda ,86.4,9.98,1.42,1.36,0,0,0,0,0,0,0,0
Andorra ,84.8,6.04,6.13,1.41,0,0,0,0,0,0,0,0
Cape Verde ,86.67,9,0,2.97,0,0,0,0,0,0,0,0
Bhutan ,87.54,5.55,1.55,4.27,0,0,0,0,0,0,0,0
Namibia ,42.09,35.68,13.52,5.78,0,1.72,0,0,0,0,0,0
Azerbaijan ,33.23,32.47,3.95,15.33,1.18,11.42,1.36,0,0,0,0,0
Chad ,94.03,3.71,0,1.03,0,0,0,0,0,0,0,0
Macao ,67.14,17.74,8.64,4.31,0,0,0,0,0,0,0,0
Gambia ,88.62,5.22,3.33,2.27,0,0,0,0,0,0,0,0
Rwanda ,60.25,12.55,13.98,3.95,0,8.71,0,0,0,0,0,0
Guam ,52.86,32.29,5.5,5.16,0,1.78,1.41,0,0,0,0,0
Niger ,84.39,11.02,2.26,1.86,0,0,0,0,0,0,0,0
Zimbabwe ,28.43,38.27,23.88,7.07,0,1.2,0,0,0,0,0,0
Uzbekistan ,14.79,50.95,4.6,23.14,2.34,3.13,0,0,0,0,0,0
Isle of Man ,67.8,13.44,14.03,1.34,0,1.06,1.25,0,0,0,0,0
Djibouti ,88.75,6.08,2,2.66,0,0,0,0,0,0,0,0
Botswana ,47.4,34.82,8.26,6.91,0,1.15,0,0,0,0,0,0
Brunei Darussalam ,47.62,25.18,6.62,8.7,1.43,5.8,1.86,2.65,0,0,0,0
Suriname ,56.95,29.1,2.39,9.34,0,1.25,0,0,0,0,0,0
Papua New Guinea ,72.1,15.01,6.1,3.4,0,1.13,0,0,1.61,0,0,0
Sierra Leone ,75.02,11.87,5.43,6.5,0,0,0,0,0,0,0,0
Liberia ,80.46,12.36,3.53,2.85,0,0,0,0,0,0,0,0
Burundi ,81.78,11.05,3.67,3.12,0,0,0,0,0,0,0,0
Anguilla ,77.1,15.28,3.91,2.32,0,0,0,0,0,0,0,0
French Guiana ,63.21,26.88,3.03,5.82,0,0,0,0,0,0,0,0
Guinea-Bissau ,95.07,2.8,1.28,0,0,0,0,0,0,0,0,0
British Virgin Islands ,82.36,11.92,1.77,2.51,0,0,0,0,0,0,0,0
Malawi ,41.9,28.49,24.24,4.18,0,0,0,0,0,0,0,0
Kyrgyz Republic ,26.51,36.87,3.78,21.22,5.55,4.77,0,0,0,0,0,0
Central African Republic ,92.81,5.57,0,0,0,0,0,0,0,0,0,0
Saint Vincent and the Grenadines ,63.76,24.34,3.16,6.05,0,1.76,0,0,0,0,0,0
Cayman Islands ,40.53,35.09,15.68,3.05,0,3.63,1.03,0,0,0,0,0
Northern Mariana Islands ,73.43,16.99,3.19,4.27,0,0,0,1.06,0,0,0,0
Gibraltar ,61.84,18.24,15.16,1.39,0,1.56,0,0,0,0,0,0
Guernsey ,52.34,22.59,20.66,1.26,0,0,1.45,0,0,0,0,0
Turks and Caicos Islands ,65.19,23.93,5.63,3.57,0,0,0,0,0,0,0,0
Saint Kitts and Nevis ,65.97,25.2,2.29,3.64,0,1.87,0,0,0,0,0,0
Swaziland ,44.53,38.53,10.48,4.52,0,1.1,0,0,0,0,0,0
Monaco ,57.61,11.4,23.29,1.81,0,2.3,0,0,2.66,0,0,0
Lesotho ,53.57,29.54,12.62,2.38,0,0,0,0,0,0,0,0
Dominica ,62.03,27.13,3.2,4.86,0,1.77,0,0,0,0,0,0
Seychelles ,57.2,29.09,3.34,3.29,5.04,0,0,0,0,0,0,0
Saint Pierre and Miquelon ,88.18,9.21,0,0,0,0,1.42,0,0,0,0,0
Sao Tome and Principe ,89.75,5.79,0,3.91,0,0,0,0,0,0,0,0
Solomon Islands ,82.51,11.28,2.17,2.72,0,0,0,0,0,0,0,0
Equatorial Guinea ,73.41,11.07,2.2,11.14,0,1.97,0,0,0,0,0,0
Comoros ,89.84,8.7,0,0,0,0,0,0,0,0,0,0
Samoa ,77.67,13.02,5.87,2.43,0,0,0,0,0,0,0,0
Mayotte ,75.28,14.08,1.88,7.97,0,0,0,0,0,0,0,0
Vanuatu ,75.73,16.14,3.47,4.02,0,0,0,0,0,0,0,0
Tonga ,87.3,8.58,1.8,1.13,0,0,0,0,0,0,0,0
Liechtenstein ,59.6,28.44,4.95,3.88,0,0,0,0,0,0,0,0
Greenland ,61.95,27.06,6.12,2.33,0,0,1.08,0,0,0,0,0
American Samoa ,73.53,17.42,2.61,2.88,0,3.23,0,0,0,0,0,0
Tajikistan ,33.53,33.04,2.75,8.76,3.51,17.08,0,0,0,0,0,0
Palau ,73.44,17.04,4.76,3.78,0,0,0,0,0,0,0,0
San Marino ,67.59,18.7,6.15,3.5,0,2.29,0,0,0,0,0,0
Kiribati ,92.33,5.01,1.62,0,0,0,0,0,0,0,0,0
Saint Martin ,71.1,19.51,4.66,3.93,0,0,0,0,0,0,0,0
Cook Islands ,72.28,19.28,3.07,3.75,0,0,0,0,0,0,0,0
Eritrea ,77.65,10.91,4.23,6.61,0,0,0,0,0,0,0,0
Marshall Islands ,72.73,17,6.07,3.3,0,0,0,0,0,0,0,0
Micronesia ,67.54,17.76,7.95,6.11,0,0,0,0,0,0,0,0
Nauru ,79.78,16.55,3.12,0,0,0,0,0,0,0,0,0
Wallis and Futuna ,83.66,14.52,0,0,0,0,0,0,0,0,0,0
Falkland Islands (Malvinas) ,67.45,16.04,14.33,1.09,0,0,0,0,0,0,0,0
Tuvalu ,88.62,7.59,0,3.79,0,0,0,0,0,0,0,0
Holy See (Vatican City State) ,60.59,5.51,31.36,1.69,0,0,0,0,0,0,0,0
Norfolk Island ,79.09,14.55,1.82,3.64,0,0,0,0,0,0,0,0
Turkmenistan ,6.15,24.62,1.54,63.08,2.31,1.54,0,0,0,0,0,0
Western Sahara ,73.85,6.15,1.54,16.92,0,0,0,0,1.54,0,0,0
Montserrat ,48.33,35,11.67,0,0,3.33,0,0,0,0,1.67,0
Tokelau ,74.29,22.86,0,0,0,0,2.86,0,0,0,0,0
Niue ,66.67,16.67,16.67,0,0,0,0,0,0,0,0,0
North Korea ,77.78,0,0,22.22,0,0,0,0,0,0,0,0
Saint Barthelemy ,50,40,0,0,0,10,0,0,0,0,0,0
Svalbard & Jan Mayen Islands ,100,0,0,0,0,0,0,0,0,0,0,0
Christmas Island ,0,0,0,0,100,0,0,0,0,0,0,0
United States of America ,59.68,25.99,9.64,1.72,0,0,0,0,0,0,0,0
India ,88.69,2.97,1.5,4.13,2.46,0,0,0,0,0,0,0
Mexico ,81.07,3.93,7.78,6.78,0,0,0,0,0,0,0,0
Argentina ,86.36,4.22,1.19,6.02,1.98,0,0,0,0,0,0,0
Pakistan ,91.85,1.26,5.34,0,0,0,0,0,0,0,0,0
Bosnia and Herzegovina ,99.17,0,0,0,0,0,0,0,0,0,0,0
Spain ,86.89,4.55,3.74,2.06,2.15,0,0,0,0,0,0,0
Philippines ,91.11,1.95,3.58,1.99,0,0,0,0,0,0,0,0
Romania ,95.31,2.45,0,0,0,0,0,0,0,0,0,0
United Kingdom ,58.36,15.35,19.39,2.47,1.7,1.21,0,0,0,0,0,0
Saudi Arabia ,80.68,1.68,9.63,6.7,0,0,0,0,0,0,0,0
Canada ,60.77,24.07,8.88,2.16,1.14,1.17,1.19,0,0,0,0,0
Brazil ,63.05,17.7,7.24,7.53,3.11,0,0,0,0,0,0,0
Thailand ,66.86,3.62,18.45,9.38,0,0,0,1.22,0,0,0,0
France ,71.77,18.07,4.31,3.3,1.18,0,0,0,0,0,0,0
Germany ,65.09,22.84,4.12,4.62,0,1.27,0,0,0,0,0,0
Italy ,82.05,9.38,3.19,2.59,1.68,0,0,0,0,0,0,0
Turkey ,62.58,15.63,7.98,7.17,5.91,0,0,0,0,0,0,0
Egypt ,70.66,1.94,2.85,23.99,0,0,0,0,0,0,0,0
Greece ,92.96,4.12,0,0,0,0,0,0,0,0,0,0
Bulgaria ,96.86,1.65,0,0,0,0,0,0,0,0,0,0
Poland ,83.92,7.32,4.32,2.88,0,0,0,0,0,0,0,0
Hungary ,91.7,5.32,1.48,0,0,0,0,0,0,0,0,0
Portugal ,86.84,5.76,3.02,1.22,2.39,0,0,0,0,0,0,0
Malaysia ,82.68,6.11,4.77,3.07,2.61,0,0,0,0,0,0,0
Serbia ,91.93,2.21,3.17,1.02,1.3,0,0,0,0,0,0,0
Australia ,65.75,19.44,7.39,2.77,1.27,1.55,1.28,0,0,0,0,0
Ireland ,88.56,4.01,4.58,1.13,0,0,0,0,0,0,0,0
Sweden ,84.21,6.64,3.59,1.73,2.51,0,0,0,0,0,0,0
Netherlands ,59.81,25.68,8.1,2.38,2.08,0,0,0,0,0,0,0
Indonesia ,42.46,9.67,6.55,35.99,4.9,0,0,0,0,0,0,0
Colombia ,58.58,14.63,2.88,21.52,2.09,0,0,0,0,0,0,0
Jordan ,88.94,0,0,8.83,0,0,0,0,0,0,0,0
Myanmar ,97.94,0,0,0,0,0,0,0,0,0,0,0
Chile ,70.44,9.37,2.56,13.47,3.49,0,0,0,0,0,0,0
United Arab Emirates ,83.25,5.51,5.04,4.27,1.02,0,0,0,0,0,0,0
Paraguay ,90.19,1.82,1.57,6.07,0,0,0,0,0,0,0,0
Bangladesh ,90.2,1.89,0,6.2,0,0,0,0,0,0,0,0
Peru ,63.89,9.66,1.9,23.22,0,0,0,0,0,0,0,0
Nepal ,94.56,1.13,1.24,2.41,0,0,0,0,0,0,0,0
Iraq ,24.34,1.21,3.19,70.09,1.05,0,0,0,0,0,0,0
Senegal ,94.74,1.58,2.65,0,0,0,0,0,0,0,0,0
Singapore ,76.89,7.9,6.19,4.18,2.43,0,1.03,0,0,0,0,0
Israel ,80.58,8.92,2.45,5.4,1.37,0,0,0,0,0,0,0
Taiwan ,84.7,6.45,4.05,3.03,1.13,0,0,0,0,0,0,0
Dominican Republic ,80.86,4.22,1.2,13.02,0,0,0,0,0,0,0,0
South Korea ,35.07,5.86,52.77,4.74,0,0,0,0,0,0,0,0
Algeria ,60.94,4.35,2.56,31.35,0,0,0,0,0,0,0,0
Belgium ,62.92,27.41,4.26,2.49,1.3,0,0,0,0,0,0,0
Tunisia ,82.5,2.38,1.54,12.98,0,0,0,0,0,0,0,0
Croatia ,89.52,5.92,2.04,1.24,0,0,0,0,0,0,0,0
Austria ,77.03,15.32,2.8,2.82,0,0,0,0,0,0,0,0
Vietnam ,65.82,12.45,5.28,15.06,0,0,0,0,0,0,0,0
Macedonia ,95.89,1.66,0,0,0,0,0,0,0,0,0,0
Morocco ,49.26,5.7,2.37,40.39,1.89,0,0,0,0,0,0,0
Bolivia ,67.56,5.76,1.08,24.81,0,0,0,0,0,0,0,0
South Africa ,44.85,39.7,9.5,3.09,1.58,0,0,0,0,0,0,0
Kuwait ,78.04,4.01,7.46,7.69,1.68,0,0,0,0,0,0,0
Switzerland ,63.98,23.01,6.87,2.86,0,1.03,0,0,0,0,0,0
Ecuador ,50.01,12.85,2.78,33.17,0,0,0,0,0,0,0,0
Venezuela ,65.58,9.44,7.61,16.14,0,0,0,0,0,0,0,0
Yemen ,88.09,0,1.96,9.19,0,0,0,0,0,0,0,0
New Zealand ,66.32,16.31,10.94,2.55,0,1.42,1.21,0,0,0,0,0
Costa Rica ,68.74,15.52,1.88,12.47,1.02,0,0,0,0,0,0,0
Denmark ,71,17.45,4,3.06,1.75,1.05,1.11,0,0,0,0,0
Slovenia ,87.96,6.83,2.33,1.09,0,0,0,0,0,0,0,0
Qatar ,85.02,4.72,4.13,4.36,1.03,0,0,0,0,0,0,0
Guatemala ,62.9,11.35,2.63,21.86,1.07,0,0,0,0,0,0,0
Norway ,66.95,20.02,5.63,2.62,2.08,1.13,1.18,0,0,0,0,0
Palestinian Territory ,80.52,1.21,1.36,16.07,0,0,0,0,0,0,0,0
Slovakia (Slovak Republic) ,80.97,13.17,1.67,2.09,0,0,0,0,0,0,0,0
Montenegro ,96.17,1.36,1.18,0,0,0,0,0,0,0,0,0
Cyprus ,90.76,5.22,1.45,0,0,0,0,0,0,0,0,0
Uruguay ,72.99,9.81,2.45,11.06,3.18,0,0,0,0,0,0,0
Nigeria ,60.46,12.76,20.84,2.99,2.24,0,0,0,0,0,0,0
Sri Lanka ,74.91,6.26,5.53,11.99,0,0,0,0,0,0,0,0
Syrian Arab Republic ,75.81,1.22,2.06,20.1,0,0,0,0,0,0,0,0
Hong Kong ,58.82,17.45,14.1,5.66,1.81,0,0,0,0,0,0,0
Japan ,28.83,27.71,32.21,6.3,2.88,1.14,0,0,0,0,0,0
El Salvador ,62.06,9.16,5.97,20.8,1.73,0,0,0,0,0,0,0
Lebanon ,63.06,6.14,5.34,23.06,1.78,0,0,0,0,0,0,0
Ukraine ,50.23,27.95,3.69,9.6,3.33,1.54,0,2.43,0,0,0,0
Russian Federation ,16.94,23.71,7.52,17.92,4.58,2.47,1.26,25.42,0,0,0,0
Malta ,90,6.68,1.38,0,0,0,0,0,0,0,0,0
Aruba ,96.85,2.34,0,0,0,0,0,0,0,0,0,0
Mauritius ,88.81,7.42,0,1.69,0,0,0,0,0,0,0,0
Puerto Rico ,64.43,25.67,4.37,3.75,0,0,0,0,0,0,0,0
Czech Republic ,49.53,33.6,6.04,5.52,1.21,1.48,2.1,0,0,0,0,0
Cote dIvoire ,87.63,6.98,1.58,2.34,1.22,0,0,0,0,0,0,0
Bahrain ,77.01,6.72,4.89,8.79,1.99,0,0,0,0,0,0,0
Oman ,55.84,6.54,9.48,21.53,3.13,0,0,0,3.24,0,0,0
Libya ,56.27,1.73,8.24,32.46,1.02,0,0,0,0,0,0,0
Lithuania ,73.32,15.53,2.8,3.62,2.13,1.01,1.14,0,0,0,0,0
Grenada ,97.59,1.68,0,0,0,0,0,0,0,0,0,0
Moldova ,83.29,9.68,1.32,3.43,0,0,0,0,0,0,0,0
Panama ,43.84,21.29,5.87,24.29,3.99,0,0,0,0,0,0,0
Finland ,45.79,29.16,10.59,4.98,2.99,3.36,2.34,0,0,0,0,0
Haiti ,90.99,3.95,1.57,1.82,1.61,0,0,0,0,0,0,0
Jamaica ,63.18,14.76,3.56,3.94,13.74,0,0,0,0,0,0,0
Honduras ,48.36,14.45,2.71,33.61,0,0,0,0,0,0,0,0
Mozambique ,90.16,4.85,1.14,1.92,1.81,0,0,0,0,0,0,0
Sudan ,67.52,1.48,9.74,20.51,0,0,0,0,0,0,0,0
Nicaragua ,59.25,10.05,2.58,27.66,0,0,0,0,0,0,0,0
Bahamas ,78.99,11.44,6.72,1.29,0,0,0,0,0,0,0,0
Albania ,74.26,14.22,3.94,4.27,1.91,0,0,0,0,0,0,0
Cameroon ,82.4,10.5,2.47,3.34,1.13,0,0,0,0,0,0,0
Timor-Leste ,99.45,0,0,0,0,0,0,0,0,0,0,0
Trinidad and Tobago ,58.87,31.34,2.88,4.24,1.2,0,0,0,0,0,0,0
Kenya ,44.36,25.41,21.18,5.91,1.85,0,0,0,0,0,0,0
Cuba ,80.92,10.8,2.27,5.72,0,0,0,0,0,0,0,0
Ghana ,55.62,19.42,16.18,7,1.06,0,0,0,0,0,0,0
Latvia ,61.86,15.78,14.05,3.22,2,1.24,0,0,0,0,0,0
Iceland ,80.67,11.25,4.19,1.38,0,0,0,0,0,0,0,0
Burkina Faso ,92.14,5.19,1.12,1.12,0,0,0,0,0,0,0,0
Reunion ,72.29,21.84,1.54,3.1,0,0,0,0,0,0,0,0
Georgia ,67.39,18.13,2.45,7.5,1.61,1.44,0,0,0,0,0,0
Guinea ,93.1,4.58,1.17,0,0,0,0,0,0,0,0,0
Luxembourg ,68.05,21.13,5.53,2.55,0,0,0,0,0,0,0,0
Congo (Democratic Republic of the),84.49,8.56,2.3,2.55,1.96,0,0,0,0,0,0,0
Cambodia ,65.7,10.98,4.84,16.22,1.07,0,0,0,0,0,0,0
Mali ,90.78,4.54,1.8,1.7,1.08,0,0,0,0,0,0,0
Iran ,13.62,46.64,6.85,4.59,26.3,0,0,0,1,0,0,0
Armenia ,78.22,13.01,1.69,4.1,1.05,0,0,0,0,0,0,0
Faroe Islands ,95.82,3.26,0,0,0,0,0,0,0,0,0,0
Mongolia ,76.5,14.63,3.44,4.15,0,0,0,0,0,0,0,0
Estonia ,57.44,24.34,6.16,3.87,2.79,2,2.04,0,0,0,0,0
Rwanda ,81.95,5.78,9.66,1.72,0,0,0,0,0,0,0,0
Jersey ,82.11,9.37,6.68,0,0,0,0,0,0,0,0,0
Lao Peoples Democratic Republic ,52.87,3.7,15.7,25.41,0,0,0,0,0,0,0,0
Maldives ,79.42,11.64,4.18,3.16,0,0,0,0,0,0,0,0
Bermuda ,81.22,12.98,3.63,0,0,0,0,0,0,0,0,0
Mauritania ,82.01,1.89,2.98,12.96,0,0,0,0,0,0,0,0
China ,9.41,43.45,22.69,5.28,0,0,1.08,1.54,1.84,10.73,2.01,0
Afghanistan ,87.1,4.35,4.6,3.3,0,0,0,0,0,0,0,0
Guadeloupe ,71.32,22.63,2,2.68,0,0,0,0,0,0,0,0
Fiji ,84.79,9.37,2.98,1.86,0,0,0,0,0,0,0,0
Angola ,70.74,17.83,2.04,8.38,0,0,0,0,0,0,0,0
Martinique ,68.47,24.77,2.08,3.09,0,0,0,0,0,0,0,0
Belarus ,20.77,37.29,4.27,13.5,2.99,2.57,0,17.18,0,0,0,0
Antigua and Barbuda ,88.21,8.5,1.33,1.24,0,0,0,0,0,0,0,0
Barbados ,57.37,27.98,3.75,4.34,5.48,0,0,0,0,0,0,0
Gabon ,81.73,10.31,1.41,5.66,0,0,0,0,0,0,0,0
 ,100,29.27,7.42,21.95,1.3,2.44,0,0,0,0,0,9.68
Saint Lucia ,76.54,17.35,1.41,2.53,1.56,0,0,0,0,0,0,0
Zambia ,59.47,24.04,9.44,5.67,0,0,0,0,0,0,0,0
Azerbaijan ,38.5,27.65,5.12,18.4,8.11,0,0,0,0,0,0,0
Guyana ,74.97,16.01,2.86,4.67,0,0,0,0,0,0,0,0
Somalia ,76.23,3.67,4.5,14.55,0,0,0,0,0,0,0,0
Belize ,62.81,25.79,2.4,7.24,0,0,0,0,0,0,0,0
Uganda ,52.68,25.27,14.74,5.95,0,0,0,0,0,0,0,0
Bhutan ,91.4,4.12,1.38,2.17,0,0,0,0,0,0,0,0
Kazakhstan ,12.14,36.79,6.11,24.73,5.59,1.74,0,11.73,0,0,0,0
Macao ,76.31,11.49,6.64,3.45,0,0,0,0,0,0,0,0
New Caledonia ,82.98,13.08,1.37,1.73,0,0,0,0,0,0,0,0
Tanzania ,41.08,23.35,20.22,10.57,4.08,0,0,0,0,0,0,0
Andorra ,87.48,5.49,4.36,1.52,0,0,0,0,0,0,0,0
Congo (Republic of the),88.06,7.41,1.55,2.2,0,0,0,0,0,0,0,0
French Polynesia ,79.21,15.87,1.97,2.16,0,0,0,0,0,0,0,0
Guam ,57.03,32.87,3.6,3.66,1.04,1.13,0,0,0,0,0,0
Namibia ,45.39,39.21,8.35,5.21,1.04,0,0,0,0,0,0,0
Brunei Darussalam ,57.85,18.29,8.83,6.91,4.53,1.76,1.6,0,0,0,0,0
Madagascar ,62.18,20.17,4.71,11.93,0,0,0,0,0,0,0,0
Suriname ,62.73,25.2,2.23,7.59,1.3,0,0,0,0,0,0,0
Benin ,73.32,15.61,4.81,5.31,0,0,0,0,0,0,0,0
Cape Verde ,83.92,11.13,0,3.47,0,0,0,0,0,0,0,0
Isle of Man ,68.39,15.7,11.67,1.07,0,1.12,0,0,0,0,0,0
Ethiopia ,52.04,18.6,8.45,18.87,0,0,0,0,0,0,0,0
Togo ,67.37,18.98,3.98,8.19,1.16,0,0,0,0,0,0,0
Gambia ,84.74,7.68,4.06,2.78,0,0,0,0,0,0,0,0
Botswana ,52.06,29.03,9.32,7.52,0,0,0,0,0,0,0,0
Zimbabwe ,34,38.55,16.87,7.78,1.34,0,0,0,0,0,0,0
Chad ,89.2,5.7,2.71,2.12,0,0,0,0,0,0,0,0
Papua New Guinea ,74.78,13.44,4.98,3.21,0,0,0,0,2.64,0,0,0
Anguilla ,81.1,13.05,2.13,2.26,0,0,0,0,0,0,0,0
Uzbekistan ,17.53,46.58,5.76,23.79,3.04,0,0,2.16,0,0,0,0
Niger ,79.41,13.28,3.85,2.98,0,0,0,0,0,0,0,0
Djibouti ,85.73,5.96,3.09,4.79,0,0,0,0,0,0,0,0
Cayman Islands ,50.53,33.44,8.95,2.11,3.31,0,0,0,0,0,0,0
Liberia ,79.93,13.4,3.3,2.84,0,0,0,0,0,0,0,0
Sierra Leone ,72.76,14.19,5.37,6.73,0,0,0,0,0,0,0,0
Northern Mariana Islands ,82,10.61,2.83,2.8,0,0,0,0,0,0,0,0
Kyrgyz Republic ,34.12,33.23,8.22,14.49,6.46,0,0,2.55,0,0,0,0
Saint Vincent and the Grenadines ,67.06,22.69,2.46,4.82,1.61,0,0,0,0,0,0,0
British Virgin Islands ,81.53,13.51,2.02,1.24,0,0,0,0,0,0,0,0
Guernsey ,60.56,17.58,18.04,1.06,0,1.07,0,0,0,0,0,0
French Guiana ,53.99,32.1,3.92,8.15,0,0,0,0,0,0,0,0
Malawi ,49.57,28.19,15.99,4.67,0,0,0,0,0,0,0,0
Burundi ,78.01,12.7,4.6,4.18,0,0,0,0,0,0,0,0
Gibraltar ,59.25,24.82,12.07,1.68,0,0,0,0,0,0,0,0
Seychelles ,61.44,30.44,3.62,2.62,0,0,0,0,0,0,0,0
Guinea-Bissau ,91.41,4.13,1.93,2.27,0,0,0,0,0,0,0,0
Turks and Caicos Islands ,67.95,20.03,5.48,3.14,2.05,0,0,0,0,0,0,0
Saint Kitts and Nevis ,63.89,24.44,4.23,3.92,2.57,0,0,0,0,0,0,0
Swaziland ,45.59,35.15,12,5,1.35,0,0,0,0,0,0,0
Dominica ,45.59,45.04,2.88,3.74,1.11,1.17,0,0,0,0,0,0
Central African Republic ,88.13,7.73,2.37,1.62,0,0,0,0,0,0,0,0
Lesotho ,50.12,28.83,16.97,2.78,0,0,0,0,0,0,0,0
Monaco ,56.01,13.89,23.49,1.65,1.76,0,0,0,2.37,0,0,0
Solomon Islands ,77.76,15,3.79,3,0,0,0,0,0,0,0,0
Equatorial Guinea ,64.3,14.6,2.61,17.2,1.03,0,0,0,0,0,0,0
Samoa ,72.63,17.17,5.6,3.29,0,0,0,0,0,0,0,0
Mayotte ,65.52,17.84,3.14,12.28,0,0,0,0,0,0,0,0
Tonga ,82.16,12.46,1.85,2.19,0,0,0,0,0,0,0,0
Vanuatu ,70.13,19.13,4.06,5.83,0,0,0,0,0,0,0,0
Palau ,76,13.11,4.51,5.18,0,0,0,0,0,0,0,0
Liechtenstein ,56.44,30.86,4.03,4.15,0,1.4,1.1,0,1.02,0,0,0
Greenland ,58.61,30.11,6.01,2.57,0,1.3,0,0,0,0,0,0
Comoros ,87.91,6.71,1.76,3.32,0,0,0,0,0,0,0,0
American Samoa ,69.22,19.87,4.75,3.66,0,1.18,0,0,0,0,0,0
San Marino ,66.2,16.81,4.86,4.8,3.65,1.06,0,2.26,0,0,0,0
Tajikistan ,41.81,26.09,6.18,15.94,5.83,0,0,3.39,0,0,0,0
Saint Pierre and Miquelon ,69.65,26.07,1.29,1.45,0,1.13,0,0,0,0,0,0
Sao Tome and Principe ,72.8,11.02,2.03,9.65,4.16,0,0,0,0,0,0,0
Kiribati ,91.7,5.81,0,1.37,0,0,0,0,0,0,0,0
Cook Islands ,68.82,26.01,1.25,3.21,0,0,0,0,0,0,0,0
Micronesia ,67.38,16.86,7.88,6.78,0,0,0,0,0,0,0,0
Marshall Islands ,71.54,17.17,6.32,4.15,0,0,0,0,0,0,0,0
Saint Martin ,60.24,26.83,5.06,5.93,1.08,0,0,0,0,0,0,0
Nauru ,82.81,12.58,1.81,2.81,0,0,0,0,0,0,0,0
Falkland Islands (Malvinas) ,67.54,14.24,14.15,2.91,0,0,0,0,0,0,0,0
Wallis and Futuna ,81.88,13.76,1.97,1.97,0,0,0,0,0,0,0,0
Tuvalu ,86.14,6.02,0,7.23,0,0,0,0,0,0,0,0
Holy See (Vatican City State) ,63.69,6.92,23.92,4.03,0,0,0,0,0,0,0,0
Turkmenistan ,0,13.94,2.39,78.09,1.2,1.2,0,1.59,0,0,0,0
Montserrat ,54.42,13.49,6.51,10.7,7.44,1.86,1.86,0,3.72,0,0,0
Norfolk Island ,61.96,14.72,5.52,16.56,0,0,0,0,0,0,0,0
North Korea ,75.58,0,11.63,12.79,0,0,0,0,0,0,0,0
Eritrea ,5.41,79.73,1.35,10.81,0,0,0,0,2.7,0,0,0
Tokelau ,91.11,4.44,0,4.44,0,0,0,0,0,0,0,0
Western Sahara ,48.48,0,0,51.52,0,0,0,0,0,0,0,0
Niue ,62.07,6.9,0,31.03,0,0,0,0,0,0,0,0
Christmas Island ,23.53,0,11.76,52.94,0,0,0,0,11.76,0,0,0
Saint Helena ,8.33,0,16.67,75,0,0,0,0,0,0,0,0
Pitcairn Islands ,0,0,0,100,0,0,0,0,0,0,0,0
Saint Barthelemy ,87.5,12.5,0,0,0,0,0,0,0,0,0,0
Svalbard & Jan Mayen Islands ,42.86,0,0,57.14,0,0,0,0,0,0,0,0
